sample	region
DJL286	AA
DJL297	AA
DL924	AA
DL925	AA
ESP9057	AA
ESP9070	AA
ESP9479	AA
ESP9480	AA
ESP9485	AA
ESP9486	AA
ESP9606	AA
MTH532	AA
MTH534	AA
MTH571	AA
SAR021	AA
SAR023	AA
SAR024	AA
SAR027	AA
SAR028	AA
SAR030	AA
SAR361	AA
TCWC93505	AA
ESP9557	AB
SAR224	AB
SAR226	AB
SAR227	AB
SAR229	AB
TCWC10432	AB
TCWC10433	AB
TCWC10439	AB
TCWC10440	AB
TCWC10442	AB
ESP9064	BA
ESP9325	BA
ESP9642	BA
ESP9643	BA
MTH468	BA
MTH469	BA
MTH470	BA
MTH472	BA
MTH473	BA
MTH474	BA
MTH475	BA
MTH477	BA
MTH478	BA
MTH489	BA
MTH490	BA
MTH491	BA
MTH492	BA
SAR002	BA
SAR003	BA
SAR004	BA
SAR019	BA
SAR050	BA
SAR054	BA
SAR200	BA
SAR218	BA
SAR307	BA
SCAR008	BA
SCAR009	BA
SCAR010.1	BA
SCAR010.2	BA
SCAR011	BA
SCAR012	BA
SCAR013	BA
SCAR030	BA
SCAR031	BA
SCAR032	BA
SCAR033	BA
SCAR034	BA
TCWC91497	BA
TCWC91500	BA
TCWC91501	BA
TCWC92573	BA
ESP9179	BB
ESP9261	BB
ESP9264	BB
ESP9273	BB
ESP9275	BB
MTH589	BB
ESP9174	C
ESP9186	C
ESP9196	C
ESP9197	C
ESP9208	C
ESP9231	C
ESP9232	C
ESP9279	C
ESP9311	C
ESP9417	C
MTH270	C
MTH275	C
MTH276	C
NM1201	C
NM1204	C
NM1206	C
NM1207	C
NM1208	C
NM1209	C
TCWC10491	C
LMC1007	DA
ESP9137	DA
ESP9143	DA
TCWC94831	DA
LAF10486	DA
LAF10487	DA
NMG0779	DA
NMG0901	DA
NMG0361	DA
NMG0426	DA
NMG0902	DA
NMG0903	DA
NMG0904	DA
DJL868	DA
DJL869	DA
DJL870	DA
DJL872	DA
DJL878	DA
DL902	DA
DL912	DA
DL914	DA
DL915	DA
ESP9085	DA
ESP9092	DA
ESP9101	DA
ESP9104	DA
ESP9111	DA
ESP9120	DA
ESP9147	DA
ESP9149	DA
ESP9152	DA
ESP9326	DA
ESP9330	DA
ESP9331	DA
ESP9340	DA
ESP9349	DA
ESP9350	DA
ESP9351	DA
ESP9357	DA
ESP9438	DA
ESP9451	DA
ESP9601	DA
ESP9616	DA
ESP9620	DA
ESP9621	DA
LMC1001	DA
LMC1002	DA
LMC1003	DA
LMC1004	DA
LMC1005	DA
LMC1010	DA
LMC1011	DA
LMC1012	DA
SAR204	DA
SAR206	DA
SAR208	DA
SAR210	DA
SAR252	DA
SAR253	DA
SAR254	DA
SAR255	DA
SAR256	DA
SAR348	DA
SAR351	DA
SAR355	DA
SAR356	DA
SAR379	DA
SAR383	DA
TCWC10461	DA
TCWC10518	DA
TCWC91345	DA
TCWC91495	DA
TCWC92574	DA
TCWC92575	DA
TCWC93559	DA
TJH787	DA
DED046	DB
DED049	DB
DED051	DB
DL916	DB
ESP9245	DB
ESP9252	DB
ESP9258	DB
ESP9495	DB
SAR259	DB
SAR261	DB
SAR262	DB
SAR264	DB
SAR265	DB
SAR266	DB
SAR381	DB
TJH789	DB
CSA037	EA
CSA041	EA
CSA042	EA
CSA043	EA
CSA059	EA
CSA061	EA
DL944	EA
TJH2963	EA
TJH2966	EA
TJH2971	EA
TJH2975	EA
TJH2984	EA
TJH2991	EA
TJH2993	EA
TJH2994	EA
TJH3000	EA
TJH3007	EA
TJH3011	EA
TJH3012	EA
TJH3019	EA
TJH3020	EA
TJH3025	EA
TJH3030	EA
TJH3033	EA
TJH3038	EA
TX2011252	EA
TX2011253	EA
DED015	EB
DED075	EB
TJH2880	EB
TJH2918	EB
TJH2927	EB
TJH2939	EB
TX1201	EB
TX2011285	EB
TX2011286	EB
TX2011287	EB
DL957	EC
DL958	EC
TCWC10450	EC
TJH2839	EC
TJH2840	EC
TJH2846	EC
TX2011012	EC
TX2011241	EC
